{
  "$schema": "https://raw.githubusercontent.com/spdx/spdx-spec/v2.2.1/schemas/spdx-schema.json",
  "spdxVersion": "SPDX-2.2",
  "dataLicense": "CC0-1.0",
  "SPDXID": "SPDXRef-DOCUMENT",
  "documentNamespace": "https://spdx.org/spdxdocs/zlib-x64-linux-1.3-fe1fa60a-a22e-443e-b97b-fa691369c772",
  "name": "zlib:x64-linux@1.3 da54cfa4d65e40630a6c8b3d17d8cbffc0d57d7204f81a7f559a33836df6dcdf",
  "creationInfo": {
    "creators": [
      "Tool: vcpkg-710a3116bbd615864eef5f9010af178034cb9b44"
    ],
    "created": "2024-01-24T22:39:59Z"
  },
  "relationships": [
    {
      "spdxElementId": "SPDXRef-port",
      "relationshipType": "GENERATES",
      "relatedSpdxElement": "SPDXRef-binary"
    },
    {
      "spdxElementId": "SPDXRef-port",
      "relationshipType": "CONTAINS",
      "relatedSpdxElement": "SPDXRef-file-0"
    },
    {
      "spdxElementId": "SPDXRef-port",
      "relationshipType": "CONTAINS",
      "relatedSpdxElement": "SPDXRef-file-1"
    },
    {
      "spdxElementId": "SPDXRef-port",
      "relationshipType": "CONTAINS",
      "relatedSpdxElement": "SPDXRef-file-2"
    },
    {
      "spdxElementId": "SPDXRef-port",
      "relationshipType": "CONTAINS",
      "relatedSpdxElement": "SPDXRef-file-3"
    },
    {
      "spdxElementId": "SPDXRef-port",
      "relationshipType": "CONTAINS",
      "relatedSpdxElement": "SPDXRef-file-4"
    },
    {
      "spdxElementId": "SPDXRef-port",
      "relationshipType": "CONTAINS",
      "relatedSpdxElement": "SPDXRef-file-5"
    },
    {
      "spdxElementId": "SPDXRef-port",
      "relationshipType": "CONTAINS",
      "relatedSpdxElement": "SPDXRef-file-6"
    },
    {
      "spdxElementId": "SPDXRef-port",
      "relationshipType": "CONTAINS",
      "relatedSpdxElement": "SPDXRef-file-7"
    },
    {
      "spdxElementId": "SPDXRef-binary",
      "relationshipType": "GENERATED_FROM",
      "relatedSpdxElement": "SPDXRef-port"
    },
    {
      "spdxElementId": "SPDXRef-file-0",
      "relationshipType": "CONTAINED_BY",
      "relatedSpdxElement": "SPDXRef-port"
    },
    {
      "spdxElementId": "SPDXRef-file-1",
      "relationshipType": "CONTAINED_BY",
      "relatedSpdxElement": "SPDXRef-port"
    },
    {
      "spdxElementId": "SPDXRef-file-2",
      "relationshipType": "CONTAINED_BY",
      "relatedSpdxElement": "SPDXRef-port"
    },
    {
      "spdxElementId": "SPDXRef-file-3",
      "relationshipType": "CONTAINED_BY",
      "relatedSpdxElement": "SPDXRef-port"
    },
    {
      "spdxElementId": "SPDXRef-file-4",
      "relationshipType": "CONTAINED_BY",
      "relatedSpdxElement": "SPDXRef-port"
    },
    {
      "spdxElementId": "SPDXRef-file-5",
      "relationshipType": "CONTAINED_BY",
      "relatedSpdxElement": "SPDXRef-port"
    },
    {
      "spdxElementId": "SPDXRef-file-6",
      "relationshipType": "CONTAINED_BY",
      "relatedSpdxElement": "SPDXRef-port"
    },
    {
      "spdxElementId": "SPDXRef-file-7",
      "relationshipType": "CONTAINED_BY",
      "relatedSpdxElement": "SPDXRef-port"
    }
  ],
  "packages": [
    {
      "name": "zlib",
      "SPDXID": "SPDXRef-port",
      "versionInfo": "1.3",
      "downloadLocation": "git+https://github.com/Microsoft/vcpkg@5ac18c6e6e3e2bf5a9e3d0bc8a845f198e4c4e05",
      "homepage": "https://www.zlib.net/",
      "licenseConcluded": "Zlib",
      "licenseDeclared": "NOASSERTION",
      "copyrightText": "NOASSERTION",
      "description": "A compression library",
      "comment": "This is the port (recipe) consumed by vcpkg."
    },
    {
      "name": "zlib:x64-linux",
      "SPDXID": "SPDXRef-binary",
      "versionInfo": "da54cfa4d65e40630a6c8b3d17d8cbffc0d57d7204f81a7f559a33836df6dcdf",
      "downloadLocation": "NONE",
      "licenseConcluded": "Zlib",
      "licenseDeclared": "NOASSERTION",
      "copyrightText": "NOASSERTION",
      "comment": "This is a binary package built by vcpkg."
    },
    {
      "SPDXID": "SPDXRef-resource-1",
      "name": "madler/zlib",
      "downloadLocation": "git+https://github.com/madler/zlib@v1.3",
      "licenseConcluded": "NOASSERTION",
      "licenseDeclared": "NOASSERTION",
      "copyrightText": "NOASSERTION",
      "checksums": [
        {
          "algorithm": "SHA512",
          "checksumValue": "78eecf335b14af1f7188c039a4d5297b74464d61156e4f12a485c74beec7d62c4159584ad482a07ec57ae2616d58873e45b09cb8ea822bb5b17e43d163df84e9"
        }
      ]
    }
  ],
  "files": [
    {
      "fileName": ".//home/simon/coding/Ergos/vcpkg/buildtrees/versioning_/versions/zlib/5ac18c6e6e3e2bf5a9e3d0bc8a845f198e4c4e05/0001-Prevent-invalid-inclusions-when-HAVE_-is-set-to-0.patch",
      "SPDXID": "SPDXRef-file-0",
      "checksums": [
        {
          "algorithm": "SHA256",
          "checksumValue": "750b9542cb55e6328cca01d3ca997f1373b9530afa95e04213168676936e7bfa"
        }
      ],
      "licenseConcluded": "NOASSERTION",
      "copyrightText": "NOASSERTION"
    },
    {
      "fileName": ".//home/simon/coding/Ergos/vcpkg/buildtrees/versioning_/versions/zlib/5ac18c6e6e3e2bf5a9e3d0bc8a845f198e4c4e05/0002-skip-building-examples.patch",
      "SPDXID": "SPDXRef-file-1",
      "checksums": [
        {
          "algorithm": "SHA256",
          "checksumValue": "835ddecfed752e0f49be9b0f8ff7ba76541cb0a150044327316e22ca84f8d0c2"
        }
      ],
      "licenseConcluded": "NOASSERTION",
      "copyrightText": "NOASSERTION"
    },
    {
      "fileName": ".//home/simon/coding/Ergos/vcpkg/buildtrees/versioning_/versions/zlib/5ac18c6e6e3e2bf5a9e3d0bc8a845f198e4c4e05/0003-build-static-or-shared-not-both.patch",
      "SPDXID": "SPDXRef-file-2",
      "checksums": [
        {
          "algorithm": "SHA256",
          "checksumValue": "d6026271dcb3d8fc74b41e235620ae31576a798e77aa411c3af8cd9e948c02b1"
        }
      ],
      "licenseConcluded": "NOASSERTION",
      "copyrightText": "NOASSERTION"
    },
    {
      "fileName": ".//home/simon/coding/Ergos/vcpkg/buildtrees/versioning_/versions/zlib/5ac18c6e6e3e2bf5a9e3d0bc8a845f198e4c4e05/0004-android-and-mingw-fixes.patch",
      "SPDXID": "SPDXRef-file-3",
      "checksums": [
        {
          "algorithm": "SHA256",
          "checksumValue": "37a43eddbcb1b7dde49e7659ae895dfd0ff1df66666c1371ba7d5bfc49d8b438"
        }
      ],
      "licenseConcluded": "NOASSERTION",
      "copyrightText": "NOASSERTION"
    },
    {
      "fileName": ".//home/simon/coding/Ergos/vcpkg/buildtrees/versioning_/versions/zlib/5ac18c6e6e3e2bf5a9e3d0bc8a845f198e4c4e05/portfile.cmake",
      "SPDXID": "SPDXRef-file-4",
      "checksums": [
        {
          "algorithm": "SHA256",
          "checksumValue": "4e904cf300b3f11356736c167f1aed6611d2c3c86034ec857341b847c7abb1e8"
        }
      ],
      "licenseConcluded": "NOASSERTION",
      "copyrightText": "NOASSERTION"
    },
    {
      "fileName": ".//home/simon/coding/Ergos/vcpkg/buildtrees/versioning_/versions/zlib/5ac18c6e6e3e2bf5a9e3d0bc8a845f198e4c4e05/usage",
      "SPDXID": "SPDXRef-file-5",
      "checksums": [
        {
          "algorithm": "SHA256",
          "checksumValue": "be22662327df993eebc437495add75acb365ab18d37c7e5de735d4ea4f5d3083"
        }
      ],
      "licenseConcluded": "NOASSERTION",
      "copyrightText": "NOASSERTION"
    },
    {
      "fileName": ".//home/simon/coding/Ergos/vcpkg/buildtrees/versioning_/versions/zlib/5ac18c6e6e3e2bf5a9e3d0bc8a845f198e4c4e05/vcpkg-cmake-wrapper.cmake",
      "SPDXID": "SPDXRef-file-6",
      "checksums": [
        {
          "algorithm": "SHA256",
          "checksumValue": "5d49ef2ee6448479c2aad0e5f732e2676eaba0411860f9bebabe6002d66f57d1"
        }
      ],
      "licenseConcluded": "NOASSERTION",
      "copyrightText": "NOASSERTION"
    },
    {
      "fileName": ".//home/simon/coding/Ergos/vcpkg/buildtrees/versioning_/versions/zlib/5ac18c6e6e3e2bf5a9e3d0bc8a845f198e4c4e05/vcpkg.json",
      "SPDXID": "SPDXRef-file-7",
      "checksums": [
        {
          "algorithm": "SHA256",
          "checksumValue": "ff323feec4012c90d0fcf1a0032da7fea12be06c66fddaeb0a42895d31d22fc9"
        }
      ],
      "licenseConcluded": "NOASSERTION",
      "copyrightText": "NOASSERTION"
    }
  ]
}
