{
  "$schema": "https://raw.githubusercontent.com/spdx/spdx-spec/v2.2.1/schemas/spdx-schema.json",
  "spdxVersion": "SPDX-2.2",
  "dataLicense": "CC0-1.0",
  "SPDXID": "SPDXRef-DOCUMENT",
  "documentNamespace": "https://spdx.org/spdxdocs/mongo-c-driver-x64-linux-1.25.4#1-1720ceda-e1ab-4ed5-8cc4-53fcc6c500ef",
  "name": "mongo-c-driver:x64-linux@1.25.4#1 9c314899d56451d2fa8c146670bdcd715a2a202188e31259e3655a8d845add92",
  "creationInfo": {
    "creators": [
      "Tool: vcpkg-710a3116bbd615864eef5f9010af178034cb9b44"
    ],
    "created": "2024-01-24T22:40:13Z"
  },
  "relationships": [
    {
      "spdxElementId": "SPDXRef-port",
      "relationshipType": "GENERATES",
      "relatedSpdxElement": "SPDXRef-binary"
    },
    {
      "spdxElementId": "SPDXRef-port",
      "relationshipType": "CONTAINS",
      "relatedSpdxElement": "SPDXRef-file-0"
    },
    {
      "spdxElementId": "SPDXRef-port",
      "relationshipType": "CONTAINS",
      "relatedSpdxElement": "SPDXRef-file-1"
    },
    {
      "spdxElementId": "SPDXRef-port",
      "relationshipType": "CONTAINS",
      "relatedSpdxElement": "SPDXRef-file-2"
    },
    {
      "spdxElementId": "SPDXRef-port",
      "relationshipType": "CONTAINS",
      "relatedSpdxElement": "SPDXRef-file-3"
    },
    {
      "spdxElementId": "SPDXRef-port",
      "relationshipType": "CONTAINS",
      "relatedSpdxElement": "SPDXRef-file-4"
    },
    {
      "spdxElementId": "SPDXRef-port",
      "relationshipType": "CONTAINS",
      "relatedSpdxElement": "SPDXRef-file-5"
    },
    {
      "spdxElementId": "SPDXRef-port",
      "relationshipType": "CONTAINS",
      "relatedSpdxElement": "SPDXRef-file-6"
    },
    {
      "spdxElementId": "SPDXRef-port",
      "relationshipType": "CONTAINS",
      "relatedSpdxElement": "SPDXRef-file-7"
    },
    {
      "spdxElementId": "SPDXRef-binary",
      "relationshipType": "GENERATED_FROM",
      "relatedSpdxElement": "SPDXRef-port"
    },
    {
      "spdxElementId": "SPDXRef-file-0",
      "relationshipType": "CONTAINED_BY",
      "relatedSpdxElement": "SPDXRef-port"
    },
    {
      "spdxElementId": "SPDXRef-file-1",
      "relationshipType": "CONTAINED_BY",
      "relatedSpdxElement": "SPDXRef-port"
    },
    {
      "spdxElementId": "SPDXRef-file-2",
      "relationshipType": "CONTAINED_BY",
      "relatedSpdxElement": "SPDXRef-port"
    },
    {
      "spdxElementId": "SPDXRef-file-3",
      "relationshipType": "CONTAINED_BY",
      "relatedSpdxElement": "SPDXRef-port"
    },
    {
      "spdxElementId": "SPDXRef-file-4",
      "relationshipType": "CONTAINED_BY",
      "relatedSpdxElement": "SPDXRef-port"
    },
    {
      "spdxElementId": "SPDXRef-file-5",
      "relationshipType": "CONTAINED_BY",
      "relatedSpdxElement": "SPDXRef-port"
    },
    {
      "spdxElementId": "SPDXRef-file-6",
      "relationshipType": "CONTAINED_BY",
      "relatedSpdxElement": "SPDXRef-port"
    },
    {
      "spdxElementId": "SPDXRef-file-7",
      "relationshipType": "CONTAINED_BY",
      "relatedSpdxElement": "SPDXRef-port"
    }
  ],
  "packages": [
    {
      "name": "mongo-c-driver",
      "SPDXID": "SPDXRef-port",
      "versionInfo": "1.25.4#1",
      "downloadLocation": "git+https://github.com/Microsoft/vcpkg@7a6dfbb8124275c3987495969f7f79e5a7023b74",
      "homepage": "https://github.com/mongodb/mongo-c-driver",
      "licenseConcluded": "NOASSERTION",
      "licenseDeclared": "NOASSERTION",
      "copyrightText": "NOASSERTION",
      "description": "Client library written in C for MongoDB.",
      "comment": "This is the port (recipe) consumed by vcpkg."
    },
    {
      "name": "mongo-c-driver:x64-linux",
      "SPDXID": "SPDXRef-binary",
      "versionInfo": "9c314899d56451d2fa8c146670bdcd715a2a202188e31259e3655a8d845add92",
      "downloadLocation": "NONE",
      "licenseConcluded": "NOASSERTION",
      "licenseDeclared": "NOASSERTION",
      "copyrightText": "NOASSERTION",
      "comment": "This is a binary package built by vcpkg."
    },
    {
      "SPDXID": "SPDXRef-resource-1",
      "name": "mongodb/mongo-c-driver",
      "downloadLocation": "git+https://github.com/mongodb/mongo-c-driver@1.25.4",
      "licenseConcluded": "NOASSERTION",
      "licenseDeclared": "NOASSERTION",
      "copyrightText": "NOASSERTION",
      "checksums": [
        {
          "algorithm": "SHA512",
          "checksumValue": "a80e20917edb752ac5eb42534beaa0122a383037f83a554ee00ce37ae690be68521eaa282b4a5802a5440b61038bcd5414356e16a2ce729ba1193d0738a6ce1c"
        }
      ]
    }
  ],
  "files": [
    {
      "fileName": ".//home/simon/coding/Ergos/vcpkg/buildtrees/versioning_/versions/mongo-c-driver/7a6dfbb8124275c3987495969f7f79e5a7023b74/disable-dynamic-when-static.patch",
      "SPDXID": "SPDXRef-file-0",
      "checksums": [
        {
          "algorithm": "SHA256",
          "checksumValue": "2b58d3c2fca7513dbda8e593a7a0a3bccc8ebd9b00dc88763c900930236c882c"
        }
      ],
      "licenseConcluded": "NOASSERTION",
      "copyrightText": "NOASSERTION"
    },
    {
      "fileName": ".//home/simon/coding/Ergos/vcpkg/buildtrees/versioning_/versions/mongo-c-driver/7a6dfbb8124275c3987495969f7f79e5a7023b74/fix-dependencies.patch",
      "SPDXID": "SPDXRef-file-1",
      "checksums": [
        {
          "algorithm": "SHA256",
          "checksumValue": "8585927318f604bddab822e79740eb044e0fb0f263d917c8cd0e12eddd918a36"
        }
      ],
      "licenseConcluded": "NOASSERTION",
      "copyrightText": "NOASSERTION"
    },
    {
      "fileName": ".//home/simon/coding/Ergos/vcpkg/buildtrees/versioning_/versions/mongo-c-driver/7a6dfbb8124275c3987495969f7f79e5a7023b74/fix-include-directory.patch",
      "SPDXID": "SPDXRef-file-2",
      "checksums": [
        {
          "algorithm": "SHA256",
          "checksumValue": "cdf67d669d0e827d6032493626ff2c6b6b77a525934c29b226e093ea6d5ac019"
        }
      ],
      "licenseConcluded": "NOASSERTION",
      "copyrightText": "NOASSERTION"
    },
    {
      "fileName": ".//home/simon/coding/Ergos/vcpkg/buildtrees/versioning_/versions/mongo-c-driver/7a6dfbb8124275c3987495969f7f79e5a7023b74/fix-mingw.patch",
      "SPDXID": "SPDXRef-file-3",
      "checksums": [
        {
          "algorithm": "SHA256",
          "checksumValue": "0dc727c613e9f49df8c0ea9317c189d3dfbdcb7d15ee4c6dfbf5ae39a500a915"
        }
      ],
      "licenseConcluded": "NOASSERTION",
      "copyrightText": "NOASSERTION"
    },
    {
      "fileName": ".//home/simon/coding/Ergos/vcpkg/buildtrees/versioning_/versions/mongo-c-driver/7a6dfbb8124275c3987495969f7f79e5a7023b74/libmongoc-1.0-config.cmake",
      "SPDXID": "SPDXRef-file-4",
      "checksums": [
        {
          "algorithm": "SHA256",
          "checksumValue": "f5855bf2102cd6901f26f87a03e6169c4aa8b93dee2391bd0a30c164a1c2777b"
        }
      ],
      "licenseConcluded": "NOASSERTION",
      "copyrightText": "NOASSERTION"
    },
    {
      "fileName": ".//home/simon/coding/Ergos/vcpkg/buildtrees/versioning_/versions/mongo-c-driver/7a6dfbb8124275c3987495969f7f79e5a7023b74/portfile.cmake",
      "SPDXID": "SPDXRef-file-5",
      "checksums": [
        {
          "algorithm": "SHA256",
          "checksumValue": "0127c2c28c349fa022fb4b6521c12a2cd6f7abbe3604ccc870a2c85ec6409e58"
        }
      ],
      "licenseConcluded": "NOASSERTION",
      "copyrightText": "NOASSERTION"
    },
    {
      "fileName": ".//home/simon/coding/Ergos/vcpkg/buildtrees/versioning_/versions/mongo-c-driver/7a6dfbb8124275c3987495969f7f79e5a7023b74/usage",
      "SPDXID": "SPDXRef-file-6",
      "checksums": [
        {
          "algorithm": "SHA256",
          "checksumValue": "ce44ece6e62a431ac2f73014772fbde6906f401e9be44d8b7fe9d0806338e273"
        }
      ],
      "licenseConcluded": "NOASSERTION",
      "copyrightText": "NOASSERTION"
    },
    {
      "fileName": ".//home/simon/coding/Ergos/vcpkg/buildtrees/versioning_/versions/mongo-c-driver/7a6dfbb8124275c3987495969f7f79e5a7023b74/vcpkg.json",
      "SPDXID": "SPDXRef-file-7",
      "checksums": [
        {
          "algorithm": "SHA256",
          "checksumValue": "804b14b08f3970fc189402c8e8597377b67087caaff51756a9294b239ddaff5c"
        }
      ],
      "licenseConcluded": "NOASSERTION",
      "copyrightText": "NOASSERTION"
    }
  ]
}
