{
  "$schema": "https://raw.githubusercontent.com/spdx/spdx-spec/v2.2.1/schemas/spdx-schema.json",
  "spdxVersion": "SPDX-2.2",
  "dataLicense": "CC0-1.0",
  "SPDXID": "SPDXRef-DOCUMENT",
  "documentNamespace": "https://spdx.org/spdxdocs/mongo-cxx-driver-x64-linux-3.9.0-3f56aede-9a6a-4252-8b06-1a2a62df2771",
  "name": "mongo-cxx-driver:x64-linux@3.9.0 38e5eb04567d60a4a3f47d1410a8f543a283c40d701ef83110bf58b82c72df09",
  "creationInfo": {
    "creators": [
      "Tool: vcpkg-710a3116bbd615864eef5f9010af178034cb9b44"
    ],
    "created": "2024-01-24T22:40:42Z"
  },
  "relationships": [
    {
      "spdxElementId": "SPDXRef-port",
      "relationshipType": "GENERATES",
      "relatedSpdxElement": "SPDXRef-binary"
    },
    {
      "spdxElementId": "SPDXRef-port",
      "relationshipType": "CONTAINS",
      "relatedSpdxElement": "SPDXRef-file-0"
    },
    {
      "spdxElementId": "SPDXRef-port",
      "relationshipType": "CONTAINS",
      "relatedSpdxElement": "SPDXRef-file-1"
    },
    {
      "spdxElementId": "SPDXRef-port",
      "relationshipType": "CONTAINS",
      "relatedSpdxElement": "SPDXRef-file-2"
    },
    {
      "spdxElementId": "SPDXRef-port",
      "relationshipType": "CONTAINS",
      "relatedSpdxElement": "SPDXRef-file-3"
    },
    {
      "spdxElementId": "SPDXRef-port",
      "relationshipType": "CONTAINS",
      "relatedSpdxElement": "SPDXRef-file-4"
    },
    {
      "spdxElementId": "SPDXRef-port",
      "relationshipType": "CONTAINS",
      "relatedSpdxElement": "SPDXRef-file-5"
    },
    {
      "spdxElementId": "SPDXRef-port",
      "relationshipType": "CONTAINS",
      "relatedSpdxElement": "SPDXRef-file-6"
    },
    {
      "spdxElementId": "SPDXRef-binary",
      "relationshipType": "GENERATED_FROM",
      "relatedSpdxElement": "SPDXRef-port"
    },
    {
      "spdxElementId": "SPDXRef-file-0",
      "relationshipType": "CONTAINED_BY",
      "relatedSpdxElement": "SPDXRef-port"
    },
    {
      "spdxElementId": "SPDXRef-file-1",
      "relationshipType": "CONTAINED_BY",
      "relatedSpdxElement": "SPDXRef-port"
    },
    {
      "spdxElementId": "SPDXRef-file-2",
      "relationshipType": "CONTAINED_BY",
      "relatedSpdxElement": "SPDXRef-port"
    },
    {
      "spdxElementId": "SPDXRef-file-3",
      "relationshipType": "CONTAINED_BY",
      "relatedSpdxElement": "SPDXRef-port"
    },
    {
      "spdxElementId": "SPDXRef-file-4",
      "relationshipType": "CONTAINED_BY",
      "relatedSpdxElement": "SPDXRef-port"
    },
    {
      "spdxElementId": "SPDXRef-file-5",
      "relationshipType": "CONTAINED_BY",
      "relatedSpdxElement": "SPDXRef-port"
    },
    {
      "spdxElementId": "SPDXRef-file-6",
      "relationshipType": "CONTAINED_BY",
      "relatedSpdxElement": "SPDXRef-port"
    }
  ],
  "packages": [
    {
      "name": "mongo-cxx-driver",
      "SPDXID": "SPDXRef-port",
      "versionInfo": "3.9.0",
      "downloadLocation": "git+https://github.com/Microsoft/vcpkg@9682855a28fdd67511a8b454e361f4a7841584a8",
      "homepage": "https://github.com/mongodb/mongo-cxx-driver",
      "licenseConcluded": "Apache-2.0",
      "licenseDeclared": "NOASSERTION",
      "copyrightText": "NOASSERTION",
      "description": "MongoDB C++ Driver.",
      "comment": "This is the port (recipe) consumed by vcpkg."
    },
    {
      "name": "mongo-cxx-driver:x64-linux",
      "SPDXID": "SPDXRef-binary",
      "versionInfo": "38e5eb04567d60a4a3f47d1410a8f543a283c40d701ef83110bf58b82c72df09",
      "downloadLocation": "NONE",
      "licenseConcluded": "Apache-2.0",
      "licenseDeclared": "NOASSERTION",
      "copyrightText": "NOASSERTION",
      "comment": "This is a binary package built by vcpkg."
    },
    {
      "SPDXID": "SPDXRef-resource-1",
      "name": "mongodb/mongo-cxx-driver",
      "downloadLocation": "git+https://github.com/mongodb/mongo-cxx-driver@r3.9.0",
      "licenseConcluded": "NOASSERTION",
      "licenseDeclared": "NOASSERTION",
      "copyrightText": "NOASSERTION",
      "checksums": [
        {
          "algorithm": "SHA512",
          "checksumValue": "34ff303d496dd2c9b8cada16dc215c40fddccfe660bdc7fe59c92449861876b820c3ea4e3e5c91029e0322411bbe98a11cb1f3fa046b028d92d3c9a3509ce988"
        }
      ]
    }
  ],
  "files": [
    {
      "fileName": ".//home/simon/coding/Ergos/vcpkg/buildtrees/versioning_/versions/mongo-cxx-driver/9682855a28fdd67511a8b454e361f4a7841584a8/cmake-project-include.cmake",
      "SPDXID": "SPDXRef-file-0",
      "checksums": [
        {
          "algorithm": "SHA256",
          "checksumValue": "1a4585a52763ab4811af69b7f38e8beaaaa92f0ab5d17ef12f87721dbf32f590"
        }
      ],
      "licenseConcluded": "NOASSERTION",
      "copyrightText": "NOASSERTION"
    },
    {
      "fileName": ".//home/simon/coding/Ergos/vcpkg/buildtrees/versioning_/versions/mongo-cxx-driver/9682855a28fdd67511a8b454e361f4a7841584a8/fix-dependencies.patch",
      "SPDXID": "SPDXRef-file-1",
      "checksums": [
        {
          "algorithm": "SHA256",
          "checksumValue": "fee613dbc344b794730f0786ea1c7edeaf1c06e1e4889f37a0dfa6407c6c0da2"
        }
      ],
      "licenseConcluded": "NOASSERTION",
      "copyrightText": "NOASSERTION"
    },
    {
      "fileName": ".//home/simon/coding/Ergos/vcpkg/buildtrees/versioning_/versions/mongo-cxx-driver/9682855a28fdd67511a8b454e361f4a7841584a8/libbsoncxx-config.cmake",
      "SPDXID": "SPDXRef-file-2",
      "checksums": [
        {
          "algorithm": "SHA256",
          "checksumValue": "35aa56368ed6999589fc00e08486dd36ba60b243eeeed240c75f2764df0cb55a"
        }
      ],
      "licenseConcluded": "NOASSERTION",
      "copyrightText": "NOASSERTION"
    },
    {
      "fileName": ".//home/simon/coding/Ergos/vcpkg/buildtrees/versioning_/versions/mongo-cxx-driver/9682855a28fdd67511a8b454e361f4a7841584a8/libmongocxx-config.cmake",
      "SPDXID": "SPDXRef-file-3",
      "checksums": [
        {
          "algorithm": "SHA256",
          "checksumValue": "e3918635d4000ccb634a89b29f5a8a56e02c63885b2c2c3bfb3341e6a13a3d97"
        }
      ],
      "licenseConcluded": "NOASSERTION",
      "copyrightText": "NOASSERTION"
    },
    {
      "fileName": ".//home/simon/coding/Ergos/vcpkg/buildtrees/versioning_/versions/mongo-cxx-driver/9682855a28fdd67511a8b454e361f4a7841584a8/portfile.cmake",
      "SPDXID": "SPDXRef-file-4",
      "checksums": [
        {
          "algorithm": "SHA256",
          "checksumValue": "f9ba2c29e814ee4e3b52019e5afc233f43067dcb9eac97e107646ab97a18b1c8"
        }
      ],
      "licenseConcluded": "NOASSERTION",
      "copyrightText": "NOASSERTION"
    },
    {
      "fileName": ".//home/simon/coding/Ergos/vcpkg/buildtrees/versioning_/versions/mongo-cxx-driver/9682855a28fdd67511a8b454e361f4a7841584a8/usage",
      "SPDXID": "SPDXRef-file-5",
      "checksums": [
        {
          "algorithm": "SHA256",
          "checksumValue": "2968fba034b7a7a2331342496af2b87db434cecbbcd98730a26a505bc99f9038"
        }
      ],
      "licenseConcluded": "NOASSERTION",
      "copyrightText": "NOASSERTION"
    },
    {
      "fileName": ".//home/simon/coding/Ergos/vcpkg/buildtrees/versioning_/versions/mongo-cxx-driver/9682855a28fdd67511a8b454e361f4a7841584a8/vcpkg.json",
      "SPDXID": "SPDXRef-file-6",
      "checksums": [
        {
          "algorithm": "SHA256",
          "checksumValue": "cd318fa30de5c7882654234b6e9eeea4d7e637f0c3d929baa0e8f786aec46900"
        }
      ],
      "licenseConcluded": "NOASSERTION",
      "copyrightText": "NOASSERTION"
    }
  ]
}
