{
  "$schema": "https://raw.githubusercontent.com/spdx/spdx-spec/v2.2.1/schemas/spdx-schema.json",
  "spdxVersion": "SPDX-2.2",
  "dataLicense": "CC0-1.0",
  "SPDXID": "SPDXRef-DOCUMENT",
  "documentNamespace": "https://spdx.org/spdxdocs/openssl-x64-linux-3.2.0#2-3ecb8ecf-ea10-4ec8-86cc-87e9c8d0d381",
  "name": "openssl:x64-linux@3.2.0#2 13345808b2f2214d12538220daad9d6a90d5a7bdba8a1475f60fd036dea57faf",
  "creationInfo": {
    "creators": [
      "Tool: vcpkg-710a3116bbd615864eef5f9010af178034cb9b44"
    ],
    "created": "2024-01-24T22:39:54Z"
  },
  "relationships": [
    {
      "spdxElementId": "SPDXRef-port",
      "relationshipType": "GENERATES",
      "relatedSpdxElement": "SPDXRef-binary"
    },
    {
      "spdxElementId": "SPDXRef-port",
      "relationshipType": "CONTAINS",
      "relatedSpdxElement": "SPDXRef-file-0"
    },
    {
      "spdxElementId": "SPDXRef-port",
      "relationshipType": "CONTAINS",
      "relatedSpdxElement": "SPDXRef-file-1"
    },
    {
      "spdxElementId": "SPDXRef-port",
      "relationshipType": "CONTAINS",
      "relatedSpdxElement": "SPDXRef-file-2"
    },
    {
      "spdxElementId": "SPDXRef-port",
      "relationshipType": "CONTAINS",
      "relatedSpdxElement": "SPDXRef-file-3"
    },
    {
      "spdxElementId": "SPDXRef-port",
      "relationshipType": "CONTAINS",
      "relatedSpdxElement": "SPDXRef-file-4"
    },
    {
      "spdxElementId": "SPDXRef-port",
      "relationshipType": "CONTAINS",
      "relatedSpdxElement": "SPDXRef-file-5"
    },
    {
      "spdxElementId": "SPDXRef-port",
      "relationshipType": "CONTAINS",
      "relatedSpdxElement": "SPDXRef-file-6"
    },
    {
      "spdxElementId": "SPDXRef-port",
      "relationshipType": "CONTAINS",
      "relatedSpdxElement": "SPDXRef-file-7"
    },
    {
      "spdxElementId": "SPDXRef-port",
      "relationshipType": "CONTAINS",
      "relatedSpdxElement": "SPDXRef-file-8"
    },
    {
      "spdxElementId": "SPDXRef-port",
      "relationshipType": "CONTAINS",
      "relatedSpdxElement": "SPDXRef-file-9"
    },
    {
      "spdxElementId": "SPDXRef-port",
      "relationshipType": "CONTAINS",
      "relatedSpdxElement": "SPDXRef-file-10"
    },
    {
      "spdxElementId": "SPDXRef-port",
      "relationshipType": "CONTAINS",
      "relatedSpdxElement": "SPDXRef-file-11"
    },
    {
      "spdxElementId": "SPDXRef-port",
      "relationshipType": "CONTAINS",
      "relatedSpdxElement": "SPDXRef-file-12"
    },
    {
      "spdxElementId": "SPDXRef-port",
      "relationshipType": "CONTAINS",
      "relatedSpdxElement": "SPDXRef-file-13"
    },
    {
      "spdxElementId": "SPDXRef-port",
      "relationshipType": "CONTAINS",
      "relatedSpdxElement": "SPDXRef-file-14"
    },
    {
      "spdxElementId": "SPDXRef-port",
      "relationshipType": "CONTAINS",
      "relatedSpdxElement": "SPDXRef-file-15"
    },
    {
      "spdxElementId": "SPDXRef-port",
      "relationshipType": "CONTAINS",
      "relatedSpdxElement": "SPDXRef-file-16"
    },
    {
      "spdxElementId": "SPDXRef-port",
      "relationshipType": "CONTAINS",
      "relatedSpdxElement": "SPDXRef-file-17"
    },
    {
      "spdxElementId": "SPDXRef-port",
      "relationshipType": "CONTAINS",
      "relatedSpdxElement": "SPDXRef-file-18"
    },
    {
      "spdxElementId": "SPDXRef-port",
      "relationshipType": "CONTAINS",
      "relatedSpdxElement": "SPDXRef-file-19"
    },
    {
      "spdxElementId": "SPDXRef-port",
      "relationshipType": "CONTAINS",
      "relatedSpdxElement": "SPDXRef-file-20"
    },
    {
      "spdxElementId": "SPDXRef-binary",
      "relationshipType": "GENERATED_FROM",
      "relatedSpdxElement": "SPDXRef-port"
    },
    {
      "spdxElementId": "SPDXRef-file-0",
      "relationshipType": "CONTAINED_BY",
      "relatedSpdxElement": "SPDXRef-port"
    },
    {
      "spdxElementId": "SPDXRef-file-1",
      "relationshipType": "CONTAINED_BY",
      "relatedSpdxElement": "SPDXRef-port"
    },
    {
      "spdxElementId": "SPDXRef-file-2",
      "relationshipType": "CONTAINED_BY",
      "relatedSpdxElement": "SPDXRef-port"
    },
    {
      "spdxElementId": "SPDXRef-file-3",
      "relationshipType": "CONTAINED_BY",
      "relatedSpdxElement": "SPDXRef-port"
    },
    {
      "spdxElementId": "SPDXRef-file-4",
      "relationshipType": "CONTAINED_BY",
      "relatedSpdxElement": "SPDXRef-port"
    },
    {
      "spdxElementId": "SPDXRef-file-5",
      "relationshipType": "CONTAINED_BY",
      "relatedSpdxElement": "SPDXRef-port"
    },
    {
      "spdxElementId": "SPDXRef-file-6",
      "relationshipType": "CONTAINED_BY",
      "relatedSpdxElement": "SPDXRef-port"
    },
    {
      "spdxElementId": "SPDXRef-file-7",
      "relationshipType": "CONTAINED_BY",
      "relatedSpdxElement": "SPDXRef-port"
    },
    {
      "spdxElementId": "SPDXRef-file-8",
      "relationshipType": "CONTAINED_BY",
      "relatedSpdxElement": "SPDXRef-port"
    },
    {
      "spdxElementId": "SPDXRef-file-9",
      "relationshipType": "CONTAINED_BY",
      "relatedSpdxElement": "SPDXRef-port"
    },
    {
      "spdxElementId": "SPDXRef-file-10",
      "relationshipType": "CONTAINED_BY",
      "relatedSpdxElement": "SPDXRef-port"
    },
    {
      "spdxElementId": "SPDXRef-file-11",
      "relationshipType": "CONTAINED_BY",
      "relatedSpdxElement": "SPDXRef-port"
    },
    {
      "spdxElementId": "SPDXRef-file-12",
      "relationshipType": "CONTAINED_BY",
      "relatedSpdxElement": "SPDXRef-port"
    },
    {
      "spdxElementId": "SPDXRef-file-13",
      "relationshipType": "CONTAINED_BY",
      "relatedSpdxElement": "SPDXRef-port"
    },
    {
      "spdxElementId": "SPDXRef-file-14",
      "relationshipType": "CONTAINED_BY",
      "relatedSpdxElement": "SPDXRef-port"
    },
    {
      "spdxElementId": "SPDXRef-file-15",
      "relationshipType": "CONTAINED_BY",
      "relatedSpdxElement": "SPDXRef-port"
    },
    {
      "spdxElementId": "SPDXRef-file-16",
      "relationshipType": "CONTAINED_BY",
      "relatedSpdxElement": "SPDXRef-port"
    },
    {
      "spdxElementId": "SPDXRef-file-17",
      "relationshipType": "CONTAINED_BY",
      "relatedSpdxElement": "SPDXRef-port"
    },
    {
      "spdxElementId": "SPDXRef-file-18",
      "relationshipType": "CONTAINED_BY",
      "relatedSpdxElement": "SPDXRef-port"
    },
    {
      "spdxElementId": "SPDXRef-file-19",
      "relationshipType": "CONTAINED_BY",
      "relatedSpdxElement": "SPDXRef-port"
    },
    {
      "spdxElementId": "SPDXRef-file-20",
      "relationshipType": "CONTAINED_BY",
      "relatedSpdxElement": "SPDXRef-port"
    }
  ],
  "packages": [
    {
      "name": "openssl",
      "SPDXID": "SPDXRef-port",
      "versionInfo": "3.2.0#2",
      "downloadLocation": "git+https://github.com/Microsoft/vcpkg@8865e51e2cd2c891df13f80e1a2585d8b69eab9c",
      "homepage": "https://www.openssl.org",
      "licenseConcluded": "Apache-2.0",
      "licenseDeclared": "NOASSERTION",
      "copyrightText": "NOASSERTION",
      "description": "OpenSSL is an open source project that provides a robust, commercial-grade, and full-featured toolkit for the Transport Layer Security (TLS) and Secure Sockets Layer (SSL) protocols. It is also a general-purpose cryptography library.",
      "comment": "This is the port (recipe) consumed by vcpkg."
    },
    {
      "name": "openssl:x64-linux",
      "SPDXID": "SPDXRef-binary",
      "versionInfo": "13345808b2f2214d12538220daad9d6a90d5a7bdba8a1475f60fd036dea57faf",
      "downloadLocation": "NONE",
      "licenseConcluded": "Apache-2.0",
      "licenseDeclared": "NOASSERTION",
      "copyrightText": "NOASSERTION",
      "comment": "This is a binary package built by vcpkg."
    },
    {
      "SPDXID": "SPDXRef-resource-1",
      "name": "openssl/openssl",
      "downloadLocation": "git+https://github.com/openssl/openssl@openssl-3.2.0",
      "licenseConcluded": "NOASSERTION",
      "licenseDeclared": "NOASSERTION",
      "copyrightText": "NOASSERTION",
      "checksums": [
        {
          "algorithm": "SHA512",
          "checksumValue": "aaf4f13b7b8020be37837f8084ab7aa3db64e6eb1ecabf04473ed5bd09bcabb8790f0dc1f7604febbbf974702b1fbe41795a7b575e7f88b07cbe094493926a6b"
        }
      ]
    }
  ],
  "files": [
    {
      "fileName": ".//home/simon/coding/Ergos/vcpkg/buildtrees/versioning_/versions/openssl/8865e51e2cd2c891df13f80e1a2585d8b69eab9c/asm-comments.patch",
      "SPDXID": "SPDXRef-file-0",
      "checksums": [
        {
          "algorithm": "SHA256",
          "checksumValue": "c3b4d97d7bf230d934afadfb61e2b88c2d661ecbf8738350bc8da5a40471a9c2"
        }
      ],
      "licenseConcluded": "NOASSERTION",
      "copyrightText": "NOASSERTION"
    },
    {
      "fileName": ".//home/simon/coding/Ergos/vcpkg/buildtrees/versioning_/versions/openssl/8865e51e2cd2c891df13f80e1a2585d8b69eab9c/declspec-align.patch",
      "SPDXID": "SPDXRef-file-1",
      "checksums": [
        {
          "algorithm": "SHA256",
          "checksumValue": "6462c7ab198ee97fa5148cd52bde0687cf0d1c59ccb7647801223cca551119e8"
        }
      ],
      "licenseConcluded": "NOASSERTION",
      "copyrightText": "NOASSERTION"
    },
    {
      "fileName": ".//home/simon/coding/Ergos/vcpkg/buildtrees/versioning_/versions/openssl/8865e51e2cd2c891df13f80e1a2585d8b69eab9c/install-pc-files.cmake",
      "SPDXID": "SPDXRef-file-2",
      "checksums": [
        {
          "algorithm": "SHA256",
          "checksumValue": "001f4b55b3da7b4faa0910b906f9c587055abaa99edac9cfb3669a06b5387d44"
        }
      ],
      "licenseConcluded": "NOASSERTION",
      "copyrightText": "NOASSERTION"
    },
    {
      "fileName": ".//home/simon/coding/Ergos/vcpkg/buildtrees/versioning_/versions/openssl/8865e51e2cd2c891df13f80e1a2585d8b69eab9c/openssl.pc.in",
      "SPDXID": "SPDXRef-file-3",
      "checksums": [
        {
          "algorithm": "SHA256",
          "checksumValue": "add49223f08228831ced1bc35fc2c56a4ab0fe9741e1fb2bdc86c6d3da4b326a"
        }
      ],
      "licenseConcluded": "NOASSERTION",
      "copyrightText": "NOASSERTION"
    },
    {
      "fileName": ".//home/simon/coding/Ergos/vcpkg/buildtrees/versioning_/versions/openssl/8865e51e2cd2c891df13f80e1a2585d8b69eab9c/portfile.cmake",
      "SPDXID": "SPDXRef-file-4",
      "checksums": [
        {
          "algorithm": "SHA256",
          "checksumValue": "38c96858a4eec808c18faa920b1adbf7cfd6e111835328006ff0a1b6b9bb621e"
        }
      ],
      "licenseConcluded": "NOASSERTION",
      "copyrightText": "NOASSERTION"
    },
    {
      "fileName": ".//home/simon/coding/Ergos/vcpkg/buildtrees/versioning_/versions/openssl/8865e51e2cd2c891df13f80e1a2585d8b69eab9c/qt-msvc.patch",
      "SPDXID": "SPDXRef-file-5",
      "checksums": [
        {
          "algorithm": "SHA256",
          "checksumValue": "aa76ad678825806fcc4318c7876d2e520d9e5d2a422ce3dfb8f2697d80e20202"
        }
      ],
      "licenseConcluded": "NOASSERTION",
      "copyrightText": "NOASSERTION"
    },
    {
      "fileName": ".//home/simon/coding/Ergos/vcpkg/buildtrees/versioning_/versions/openssl/8865e51e2cd2c891df13f80e1a2585d8b69eab9c/script-prefix.patch",
      "SPDXID": "SPDXRef-file-6",
      "checksums": [
        {
          "algorithm": "SHA256",
          "checksumValue": "a18b53acdea8180aa24c4abbe85c4269e4d092c6eba4f946d5feafa7ca2a163d"
        }
      ],
      "licenseConcluded": "NOASSERTION",
      "copyrightText": "NOASSERTION"
    },
    {
      "fileName": ".//home/simon/coding/Ergos/vcpkg/buildtrees/versioning_/versions/openssl/8865e51e2cd2c891df13f80e1a2585d8b69eab9c/unix/android-cc.patch",
      "SPDXID": "SPDXRef-file-7",
      "checksums": [
        {
          "algorithm": "SHA256",
          "checksumValue": "a3cde12ca3c7c7894e73d300e0ccf728de28b87afde13776e7d7267979c3ead2"
        }
      ],
      "licenseConcluded": "NOASSERTION",
      "copyrightText": "NOASSERTION"
    },
    {
      "fileName": ".//home/simon/coding/Ergos/vcpkg/buildtrees/versioning_/versions/openssl/8865e51e2cd2c891df13f80e1a2585d8b69eab9c/unix/configure",
      "SPDXID": "SPDXRef-file-8",
      "checksums": [
        {
          "algorithm": "SHA256",
          "checksumValue": "96ef16490c8a7c240a0c96de7e641c93843d0b78400b4de7dc2c7d2e500f3480"
        }
      ],
      "licenseConcluded": "NOASSERTION",
      "copyrightText": "NOASSERTION"
    },
    {
      "fileName": ".//home/simon/coding/Ergos/vcpkg/buildtrees/versioning_/versions/openssl/8865e51e2cd2c891df13f80e1a2585d8b69eab9c/unix/disable-quicserver.patch",
      "SPDXID": "SPDXRef-file-9",
      "checksums": [
        {
          "algorithm": "SHA256",
          "checksumValue": "327cf1f1bff6db9bccaf34381668c1dc556cb08bee9123c0851c6e35dad274a2"
        }
      ],
      "licenseConcluded": "NOASSERTION",
      "copyrightText": "NOASSERTION"
    },
    {
      "fileName": ".//home/simon/coding/Ergos/vcpkg/buildtrees/versioning_/versions/openssl/8865e51e2cd2c891df13f80e1a2585d8b69eab9c/unix/move-openssldir.patch",
      "SPDXID": "SPDXRef-file-10",
      "checksums": [
        {
          "algorithm": "SHA256",
          "checksumValue": "9e62ad861f8421e5b732bf488b7199131ac17a57f295f50c697d2591f5845e0e"
        }
      ],
      "licenseConcluded": "NOASSERTION",
      "copyrightText": "NOASSERTION"
    },
    {
      "fileName": ".//home/simon/coding/Ergos/vcpkg/buildtrees/versioning_/versions/openssl/8865e51e2cd2c891df13f80e1a2585d8b69eab9c/unix/no-empty-dirs.patch",
      "SPDXID": "SPDXRef-file-11",
      "checksums": [
        {
          "algorithm": "SHA256",
          "checksumValue": "a03d46642c903c9eb09184eabc553ce1467e000c28a9e7d7e92d995970004a62"
        }
      ],
      "licenseConcluded": "NOASSERTION",
      "copyrightText": "NOASSERTION"
    },
    {
      "fileName": ".//home/simon/coding/Ergos/vcpkg/buildtrees/versioning_/versions/openssl/8865e51e2cd2c891df13f80e1a2585d8b69eab9c/unix/no-static-libs-for-shared.patch",
      "SPDXID": "SPDXRef-file-12",
      "checksums": [
        {
          "algorithm": "SHA256",
          "checksumValue": "dc51d597ad7477fc56c2a394c84493c87a4de2b84898497dda2754dd0fd8cb53"
        }
      ],
      "licenseConcluded": "NOASSERTION",
      "copyrightText": "NOASSERTION"
    },
    {
      "fileName": ".//home/simon/coding/Ergos/vcpkg/buildtrees/versioning_/versions/openssl/8865e51e2cd2c891df13f80e1a2585d8b69eab9c/unix/portfile.cmake",
      "SPDXID": "SPDXRef-file-13",
      "checksums": [
        {
          "algorithm": "SHA256",
          "checksumValue": "3ca966fa7e9380cd5b8a428f2ee070654881daa291815cdcd5a700d0c5d73071"
        }
      ],
      "licenseConcluded": "NOASSERTION",
      "copyrightText": "NOASSERTION"
    },
    {
      "fileName": ".//home/simon/coding/Ergos/vcpkg/buildtrees/versioning_/versions/openssl/8865e51e2cd2c891df13f80e1a2585d8b69eab9c/unix/remove-deps.cmake",
      "SPDXID": "SPDXRef-file-14",
      "checksums": [
        {
          "algorithm": "SHA256",
          "checksumValue": "6f9560155faa36f82e249d20b80d28edebd546c55db144b8dabbe0affea6ab14"
        }
      ],
      "licenseConcluded": "NOASSERTION",
      "copyrightText": "NOASSERTION"
    },
    {
      "fileName": ".//home/simon/coding/Ergos/vcpkg/buildtrees/versioning_/versions/openssl/8865e51e2cd2c891df13f80e1a2585d8b69eab9c/usage",
      "SPDXID": "SPDXRef-file-15",
      "checksums": [
        {
          "algorithm": "SHA256",
          "checksumValue": "a0bd98264517147f1c61a660a02628e8633b53933c2d35285af49e187081d9d5"
        }
      ],
      "licenseConcluded": "NOASSERTION",
      "copyrightText": "NOASSERTION"
    },
    {
      "fileName": ".//home/simon/coding/Ergos/vcpkg/buildtrees/versioning_/versions/openssl/8865e51e2cd2c891df13f80e1a2585d8b69eab9c/vcpkg-cmake-wrapper.cmake.in",
      "SPDXID": "SPDXRef-file-16",
      "checksums": [
        {
          "algorithm": "SHA256",
          "checksumValue": "b29a6ba88f6f26f03a70cf57c31beb6de58ba0306ce8f3028f52fef4b86aec13"
        }
      ],
      "licenseConcluded": "NOASSERTION",
      "copyrightText": "NOASSERTION"
    },
    {
      "fileName": ".//home/simon/coding/Ergos/vcpkg/buildtrees/versioning_/versions/openssl/8865e51e2cd2c891df13f80e1a2585d8b69eab9c/vcpkg.json",
      "SPDXID": "SPDXRef-file-17",
      "checksums": [
        {
          "algorithm": "SHA256",
          "checksumValue": "db2382defa39056efbd2a982307b5084f7368bed632dcfcd1dc3427fbb646127"
        }
      ],
      "licenseConcluded": "NOASSERTION",
      "copyrightText": "NOASSERTION"
    },
    {
      "fileName": ".//home/simon/coding/Ergos/vcpkg/buildtrees/versioning_/versions/openssl/8865e51e2cd2c891df13f80e1a2585d8b69eab9c/windows/install-layout.patch",
      "SPDXID": "SPDXRef-file-18",
      "checksums": [
        {
          "algorithm": "SHA256",
          "checksumValue": "06bf9d3f9d78a99d6472bd8a63442065a90cf413af5c4e2946348bece1ce50f2"
        }
      ],
      "licenseConcluded": "NOASSERTION",
      "copyrightText": "NOASSERTION"
    },
    {
      "fileName": ".//home/simon/coding/Ergos/vcpkg/buildtrees/versioning_/versions/openssl/8865e51e2cd2c891df13f80e1a2585d8b69eab9c/windows/install-pdbs.patch",
      "SPDXID": "SPDXRef-file-19",
      "checksums": [
        {
          "algorithm": "SHA256",
          "checksumValue": "5ad1f60ee8e967a079ba3d1eed3e6f368f39e5860dd33928594fd0dd58a5ba4d"
        }
      ],
      "licenseConcluded": "NOASSERTION",
      "copyrightText": "NOASSERTION"
    },
    {
      "fileName": ".//home/simon/coding/Ergos/vcpkg/buildtrees/versioning_/versions/openssl/8865e51e2cd2c891df13f80e1a2585d8b69eab9c/windows/portfile.cmake",
      "SPDXID": "SPDXRef-file-20",
      "checksums": [
        {
          "algorithm": "SHA256",
          "checksumValue": "812a64310844bf52e31c3d4465ccf7c6045d707b9f830f7715dc7f26396a4482"
        }
      ],
      "licenseConcluded": "NOASSERTION",
      "copyrightText": "NOASSERTION"
    }
  ]
}
